,source,target,group,value
0,efsa,safety_authority,0,0.656346797943
1,efsa,application,0,0.652467548847
2,efsa,efsa_executive_director,0,0.642702817917
3,efsa,request,0,0.637178659439
4,efsa,belgian_competent_authority,0,0.623793065548
5,efsa,2008_providing_additional,0,0.622502565384
6,efsa,2010_providing_clarifications,0,0.622488617897
7,efsa,postmarket_environmental_monitoring_pmem,0,0.622222900391
8,efsa,pmem_reports,0,0.620208859444
9,efsa,gmo_panel,0,0.6166446805
10,efsa,annual_pmem_reports,0,0.616545915604
11,efsa,european_food,0,0.615947604179
12,efsa,2009_1108,0,0.614786863327
13,efsa,2010_requesting_clarifications,0,0.614720821381
14,efsa,publish_detailed_guidance,0,0.612569689751
15,efsa,2011f,0,0.611841797829
16,efsa,an_updated_version,0,0.611712932587
17,efsa,requesting_clarifications,0,0.610351324081
18,efsa,an_urgent,0,0.609757900238
19,efsa,providing_clarifications,0,0.609650969505
20,food_safety_authority,issn_1831_4732_european,1,0.804343044758
21,food_safety_authority,2015_reproduction,1,0.791492938995
22,food_safety_authority,efsa_parma_italy,1,0.699346184731
23,food_safety_authority,safety_authority2_european,1,0.675089716911
24,food_safety_authority,safety_authority_2012c,1,0.590112805367
25,food_safety_authority,doi_10_2903_j,1,0.589501202106
26,food_safety_authority,safety_authority_2011c,1,0.581942558289
27,food_safety_authority,safety_authority_2012b,1,0.581468939781
28,food_safety_authority,safety_authority_2015b,1,0.579169034958
29,food_safety_authority,2010_1557,1,0.575571358204
30,food_safety_authority,ecdc_european,1,0.57444268465
31,food_safety_authority,acknowledged,1,0.571486532688
32,food_safety_authority,safety_authority_2011b,1,0.565388381481
33,food_safety_authority,efsa_2011_2092,1,0.560404658318
34,food_safety_authority,control2,1,0.559418439865
35,food_safety_authority,2010_1457,1,0.556847572327
36,food_safety_authority,safety_authority_2011a,1,0.556462049484
37,food_safety_authority,europa_eu_suggested_citation,1,0.551812648773
38,food_safety_authority,safety_authority_2010b,1,0.54948079586
39,food_safety_authority,safety_authority_2011d,1,0.549196660519
40,acrylamide,glycidamide,2,0.772158443928
41,acrylamide,hemoglobin_adducts,2,0.719334602356
42,acrylamide,metabolite_glycidamide,2,0.671025872231
43,acrylamide,hemoglobin_adduct,2,0.63197773695
44,acrylamide,big_blue_mice,2,0.621281027794
45,acrylamide,alkylphenol,2,0.616084098816
46,acrylamide,cadmium,2,0.605442881584
47,acrylamide,mammary_cells,2,0.603373587132
48,acrylamide,butylated_hydroxytoluene,2,0.60307341814
49,acrylamide,bisphenol,2,0.598614931107
50,acrylamide,δ9_tetrahydrocannabinol,2,0.594694972038
51,acrylamide,pyrene_induced,2,0.591142654419
52,acrylamide,acrylonitrile,2,0.587621510029
53,acrylamide,male_germ_cells,2,0.582571864128
54,acrylamide,c_like_metaphases,2,0.581970572472
55,acrylamide,adult_male_albino,2,0.573209643364
56,acrylamide,promotion,2,0.572535932064
57,acrylamide,estrogen_receptor,2,0.572351038456
58,acrylamide,estrogenic,2,0.569984793663
59,acrylamide,zebrafish_danio_rerio,2,0.569302976131
60,aspartame,dkp,3,0.773646354675
61,aspartame,red_2g,3,0.71913588047
62,aspartame,neotame,3,0.714918255806
63,aspartame,polysorbate_80,3,0.68043088913
64,aspartame,hydrocarbon_origin,3,0.679995536804
65,aspartame,badge,3,0.678250849247
66,aspartame,trocho_et_al,3,0.677572011948
67,aspartame,erf,3,0.677042961121
68,aspartame,oncogenic_effect,3,0.675965309143
69,aspartame,hmt,3,0.674525737762
70,aspartame,thyroid_hyperplasia,3,0.670732796192
71,aspartame,tumourigenicity,3,0.665384054184
72,aspartame,cu_chlorophyllins,3,0.664545536041
73,aspartame,octyl_gallate,3,0.655989289284
74,aspartame,ishii_et_al,3,0.653739273548
75,aspartame,carbon_blacks,3,0.65307110548
76,aspartame,teratogenic_potential,3,0.653026759624
77,aspartame,r_pulegone,3,0.650372922421
78,aspartame,fischer_344_rats,3,0.650158762932
79,aspartame,skin_painting,3,0.64877474308
80,efsa_journal,2008,4,0.680751800537
81,efsa_journal,27,4,0.639507889748
82,efsa_journal,22,4,0.618947505951
83,efsa_journal,23,4,0.597867131233
84,efsa_journal,2009,4,0.588500380516
85,efsa_journal,493,4,0.581831932068
86,efsa_journal,732,4,0.577635705471
87,efsa_journal,29,4,0.574515223503
88,efsa_journal,463,4,0.568848848343
89,efsa_journal,34,4,0.560571372509
90,efsa_journal,13,4,0.557995796204
91,efsa_journal,19,4,0.553695976734
92,efsa_journal,26,4,0.553080797195
93,efsa_journal,869,4,0.552639067173
94,efsa_journal,24,4,0.546214222908
95,efsa_journal,21,4,0.538725972176
96,efsa_journal,851,4,0.535705685616
97,efsa_journal,877,4,0.535423338413
98,efsa_journal,14,4,0.530373573303
99,efsa_journal,478,4,0.528322815895
100,aspartame,dkp,5,0.773646354675
101,aspartame,red_2g,5,0.71913588047
102,aspartame,neotame,5,0.714918255806
103,aspartame,polysorbate_80,5,0.68043088913
104,aspartame,hydrocarbon_origin,5,0.679995536804
105,aspartame,badge,5,0.678250849247
106,aspartame,trocho_et_al,5,0.677572011948
107,aspartame,erf,5,0.677042961121
108,aspartame,oncogenic_effect,5,0.675965309143
109,aspartame,hmt,5,0.674525737762
110,aspartame,thyroid_hyperplasia,5,0.670732796192
111,aspartame,tumourigenicity,5,0.665384054184
112,aspartame,cu_chlorophyllins,5,0.664545536041
113,aspartame,octyl_gallate,5,0.655989289284
114,aspartame,ishii_et_al,5,0.653739273548
115,aspartame,carbon_blacks,5,0.65307110548
116,aspartame,teratogenic_potential,5,0.653026759624
117,aspartame,r_pulegone,5,0.650372922421
118,aspartame,fischer_344_rats,5,0.650158762932
119,aspartame,skin_painting,5,0.64877474308
120,aflatoxin,aflatoxins,6,0.773441791534
121,aflatoxin,aflatoxin_b1,6,0.747208833694
122,aflatoxin,zearalenone,6,0.738726735115
123,aflatoxin,afb1,6,0.720086932182
124,aflatoxin,fumonisin,6,0.716168880463
125,aflatoxin,aflatoxin_albumin,6,0.704654157162
126,aflatoxin,hbv_infection,6,0.674471259117
127,aflatoxin,cadmium,6,0.674361228943
128,aflatoxin,mycotoxin,6,0.668892204762
129,aflatoxin,vomitoxin_deoxynivalenol,6,0.662332057953
130,aflatoxin,pfoa,6,0.656268000603
131,aflatoxin,n7_guanine,6,0.656159818172
132,aflatoxin,ota,6,0.651818454266
133,aflatoxin,α_zearalenol,6,0.647824287415
134,aflatoxin,deoxynivalenol,6,0.64346241951
135,aflatoxin,n_nitrosocompounds,6,0.642578601837
136,aflatoxin,sterigmatocystin,6,0.641959786415
137,aflatoxin,ochratoxin,6,0.640397310257
138,aflatoxin,nivalenol,6,0.638573765755
139,aflatoxin,aflatoxin_ochratoxin,6,0.634355068207
140,efsa_parma,jordi_serratosa,7,0.707420110703
141,efsa_parma,question_nos_efsa,7,0.69105899334
142,efsa_parma,jean_paul,7,0.687678337097
143,efsa_parma,plenary_meeting_held,7,0.671067476273
144,efsa_parma,istituto_zooprofilattico_sperimentale_dell,7,0.667098402977
145,efsa_parma,meeting_held,7,0.66702902317
146,efsa_parma,website5,7,0.658094763756
147,efsa_parma,21st_july,7,0.650598526001
148,efsa_parma,del_molise_g,7,0.649174451828
149,efsa_parma,online_www,7,0.648990988731
150,efsa_parma,holeva,7,0.64844584465
151,efsa_parma,29th,7,0.647919297218
152,efsa_parma,stakeholder_technical,7,0.647818207741
153,efsa_parma,doi_10_1155,7,0.647261619568
154,efsa_parma,21st_october,7,0.645131289959
155,efsa_parma,task_coordinator_16,7,0.643917679787
156,efsa_parma,leuven_belgium,7,0.642567932606
157,efsa_parma,kappeler_kv,7,0.640316009521
158,efsa_parma,julie,7,0.640063643456
159,efsa_parma,director_general_environment,7,0.639125049114
160,acrylamide,glycidamide,8,0.772158443928
161,acrylamide,hemoglobin_adducts,8,0.719334602356
162,acrylamide,metabolite_glycidamide,8,0.671025872231
163,acrylamide,hemoglobin_adduct,8,0.63197773695
164,acrylamide,big_blue_mice,8,0.621281027794
165,acrylamide,alkylphenol,8,0.616084098816
166,acrylamide,cadmium,8,0.605442881584
167,acrylamide,mammary_cells,8,0.603373587132
168,acrylamide,butylated_hydroxytoluene,8,0.60307341814
169,acrylamide,bisphenol,8,0.598614931107
170,acrylamide,δ9_tetrahydrocannabinol,8,0.594694972038
171,acrylamide,pyrene_induced,8,0.591142654419
172,acrylamide,acrylonitrile,8,0.587621510029
173,acrylamide,male_germ_cells,8,0.582571864128
174,acrylamide,c_like_metaphases,8,0.581970572472
175,acrylamide,adult_male_albino,8,0.573209643364
176,acrylamide,promotion,8,0.572535932064
177,acrylamide,estrogen_receptor,8,0.572351038456
178,acrylamide,estrogenic,8,0.569984793663
179,acrylamide,zebrafish_danio_rerio,8,0.569302976131
180,additives,additives1_efsa,9,0.738481163979
181,additives,animal_feed_feedap,9,0.719541013241
182,additives,ltd1,9,0.677123069763
183,additives,laying1,9,0.664061188698
184,additives,species1_efsa_panel,9,0.662179648876
185,additives,dogs1,9,0.65802192688
186,additives,eec_establishes_rules,9,0.650008678436
187,additives,animal_nutrition1,9,0.649899601936
188,additives,dairy_cows1,9,0.648470282555
189,additives,all_animal_species1,9,0.646392464638
190,additives,cats1,9,0.64486593008
191,additives,horses1,9,0.638870954514
192,additives,all_species1_efsa,9,0.637868225574
193,additives,fattening1_efsa,9,0.637004137039
194,additives,animal_nutrition,9,0.634454131126
195,additives,ffac,9,0.6339417696
196,additives,substances,9,0.629739582539
197,additives,eeig1_efsa,9,0.626210510731
198,additives,breeding1,9,0.602219700813
199,additives,producing_animals1,9,0.601880133152
200,listeria,yersinia,10,0.838051438332
201,listeria,shigella,10,0.835425615311
202,listeria,yersinia_enterocolitica,10,0.811889588833
203,listeria,vtec,10,0.803130984306
204,listeria,staphylococcus_aureus,10,0.800270020962
205,listeria,campylobacter_spp_salmonella_spp,10,0.796985030174
206,listeria,campylobacter,10,0.78986030817
207,listeria,salmonella_spp_campylobacter_spp,10,0.783271968365
208,listeria,campylobacter_spp,10,0.780592620373
209,listeria,s_aureus,10,0.777036428452
210,listeria,campylobacter_norovirus_cryptosporidium,10,0.77296847105
211,listeria,pathogenic_e_coli,10,0.767807841301
212,listeria,c_botulinum,10,0.765924036503
213,listeria,clostridium_botulinum,10,0.76578861475
214,listeria,salmonella_spp_shigella_spp,10,0.764901995659
215,listeria,l_monocytogenes,10,0.764656960964
216,listeria,y_enterocolitica,10,0.764547109604
217,listeria,pathogenic_yersinia,10,0.762849330902
218,listeria,c_perfringens,10,0.760449171066
219,listeria,almost_exclusively_caused_by,10,0.755030572414
220,genetically_modified,genetically_modified_gm,11,0.789242088795
221,genetically_modified,contain_stearidonic_acid,11,0.745880365372
222,genetically_modified,mon_87769_mon_89788,11,0.740724861622
223,genetically_modified,bps_cv127_9,11,0.73085719347
224,genetically_modified,llcotton25,11,0.722971796989
225,genetically_modified,gm,11,0.709570169449
226,genetically_modified,cotton_mon_15985,11,0.708842933178
227,genetically_modified,maize_t25,11,0.706884503365
228,genetically_modified,thermotolerant_alpha_amylase,11,0.70053344965
229,genetically_modified,sugar_beet_h7,11,0.699554681778
230,genetically_modified,fg72,11,0.698733210564
231,genetically_modified,mon_87427,11,0.698356747627
232,genetically_modified,gm_cotton_mon_88913,11,0.6983076334
233,genetically_modified,unique_identifier_mon,11,0.695635557175
234,genetically_modified,mon_87705_mon_89788,11,0.689839601517
235,genetically_modified,oryzae_strain_nzym_fb,11,0.687965989113
236,genetically_modified,oilseed_rape_mon_88302,11,0.686735570431
237,genetically_modified,two_event_stack,11,0.685008347034
238,genetically_modified,glufosinatetolerant,11,0.68319863081
239,genetically_modified,maize_nk603_t25,11,0.681963682175
240,aflatoxin,aflatoxins,12,0.773441791534
241,aflatoxin,aflatoxin_b1,12,0.747208833694
242,aflatoxin,zearalenone,12,0.738726735115
243,aflatoxin,afb1,12,0.720086932182
244,aflatoxin,fumonisin,12,0.716168880463
245,aflatoxin,aflatoxin_albumin,12,0.704654157162
246,aflatoxin,hbv_infection,12,0.674471259117
247,aflatoxin,cadmium,12,0.674361228943
248,aflatoxin,mycotoxin,12,0.668892204762
249,aflatoxin,vomitoxin_deoxynivalenol,12,0.662332057953
250,aflatoxin,pfoa,12,0.656268000603
251,aflatoxin,n7_guanine,12,0.656159818172
252,aflatoxin,ota,12,0.651818454266
253,aflatoxin,α_zearalenol,12,0.647824287415
254,aflatoxin,deoxynivalenol,12,0.64346241951
255,aflatoxin,n_nitrosocompounds,12,0.642578601837
256,aflatoxin,sterigmatocystin,12,0.641959786415
257,aflatoxin,ochratoxin,12,0.640397310257
258,aflatoxin,nivalenol,12,0.638573765755
259,aflatoxin,aflatoxin_ochratoxin,12,0.634355068207
260,dietary_reference_values,drvs,13,0.771279931068
261,dietary_reference_values,cobalamin_vitamin_b12,13,0.742962419987
262,dietary_reference_values,reference_intakes_pris,13,0.636670231819
263,dietary_reference_values,niacin,13,0.620788574219
264,dietary_reference_values,deriving_drvs,13,0.603104889393
265,dietary_reference_values,ars,13,0.599196255207
266,dietary_reference_values,set_drvs,13,0.595137059689
267,dietary_reference_values,pantothenic_acid,13,0.592761099339
268,dietary_reference_values,biotin,13,0.592680931091
269,dietary_reference_values,pris,13,0.591811060905
270,dietary_reference_values,setting_drvs,13,0.591514348984
271,dietary_reference_values,average_requirement_ar,13,0.566734731197
272,dietary_reference_values,intake_rni,13,0.564383387566
273,dietary_reference_values,folate,13,0.559807538986
274,dietary_reference_values,reference_intakes,13,0.559569954872
275,dietary_reference_values,molybdenum,13,0.559241175652
276,dietary_reference_values,derive_drvs,13,0.555030882359
277,dietary_reference_values,suitable_criterion,13,0.554691374302
278,dietary_reference_values,water_soluble_vitamins,13,0.547787308693
279,dietary_reference_values,scf_1993,13,0.547213554382
280,bisphenola,chim,14,0.781261086464
281,bisphenola,anses_fr_documents,14,0.734297573566
282,bisphenola,gennings,14,0.731377720833
283,bisphenola,ntp_htdocs_lt_rpts,14,0.72540217638
284,bisphenola,bjellaas,14,0.722635507584
285,bisphenola,schilderman,14,0.720748543739
286,bisphenola,711701025,14,0.719878911972
287,bisphenola,vachon,14,0.717319130898
288,bisphenola,atsdr_cdc_gov_toxprofiles,14,0.712561130524
289,bisphenola,holwerda,14,0.711330533028
290,bisphenola,vikström_ac,14,0.709240913391
291,bisphenola,oria,14,0.707692623138
292,bisphenola,annreps,14,0.706362187862
293,bisphenola,miller_pch,14,0.704299211502
294,bisphenola,http_www_oznet_ksu,14,0.703099191189
295,bisphenola,edu_library_grsci2_mf2055,14,0.703034818172
296,bisphenola,littell_rc_miles_rd,14,0.702350139618
297,bisphenola,vanden_bussche,14,0.702270030975
298,bisphenola,acevedo,14,0.701776981354
299,bisphenola,alt_formats_pdf,14,0.699881136417
300,bisphenola,chim,15,0.781261086464
301,bisphenola,anses_fr_documents,15,0.734297573566
302,bisphenola,gennings,15,0.731377720833
303,bisphenola,ntp_htdocs_lt_rpts,15,0.72540217638
304,bisphenola,bjellaas,15,0.722635507584
305,bisphenola,schilderman,15,0.720748543739
306,bisphenola,711701025,15,0.719878911972
307,bisphenola,vachon,15,0.717319130898
308,bisphenola,atsdr_cdc_gov_toxprofiles,15,0.712561130524
309,bisphenola,holwerda,15,0.711330533028
310,bisphenola,vikström_ac,15,0.709240913391
311,bisphenola,oria,15,0.707692623138
312,bisphenola,annreps,15,0.706362187862
313,bisphenola,miller_pch,15,0.704299211502
314,bisphenola,http_www_oznet_ksu,15,0.703099191189
315,bisphenola,edu_library_grsci2_mf2055,15,0.703034818172
316,bisphenola,littell_rc_miles_rd,15,0.702350139618
317,bisphenola,vanden_bussche,15,0.702270030975
318,bisphenola,acevedo,15,0.701776981354
319,bisphenola,alt_formats_pdf,15,0.699881136417
320,health_claims,establishes_rules_governing,16,0.761063218117
321,health_claims,since_20077,16,0.713392674923
322,health_claims,bimuno_gos,16,0.677394628525
323,health_claims,health_claims_made,16,0.651537835598
324,health_claims,id_2949_3061,16,0.636913716793
325,health_claims,lactobacillus_rhamnosus_atcc_53103,16,0.628036379814
326,health_claims,gastrointestinal_discomfort_pursuant,16,0.625085949898
327,health_claims,yeasts_pursuant,16,0.624464929104
328,health_claims,tooth_demineralisation_pursuant,16,0.624255657196
329,health_claims,optiefax,16,0.623100042343
330,health_claims,non_fermentable_carbohydrates,16,0.621970176697
331,health_claims,carbohydrate_solutions,16,0.620961070061
332,health_claims,kf2bl20,16,0.618749260902
333,health_claims,normal_defecation,16,0.615004181862
334,health_claims,lgg_related,16,0.614665389061
335,health_claims,rosbacher_drive,16,0.613013625145
336,health_claims,joint_comfort,16,0.612529039383
337,health_claims,nutriose_06,16,0.60889083147
338,health_claims,gastro_intestinal_discomfort,16,0.608142852783
339,health_claims,by_increasing_stool,16,0.60772305727
340,staphylococcus_aureus,clostridium_perfringens,17,0.852378726006
341,staphylococcus_aureus,s_aureus,17,0.837237119675
342,staphylococcus_aureus,pseudomonas_aeruginosa,17,0.813671708107
343,staphylococcus_aureus,klebsiella,17,0.812156915665
344,staphylococcus_aureus,enterobacteriaceae,17,0.802444934845
345,staphylococcus_aureus,bacillus_cereus,17,0.801207065582
346,staphylococcus_aureus,listeria,17,0.800269961357
347,staphylococcus_aureus,staphylococci,17,0.796796679497
348,staphylococcus_aureus,salmonella_shigella,17,0.795764803886
349,staphylococcus_aureus,staphylococcus,17,0.793082773685
350,staphylococcus_aureus,klebsiella_pneumoniae,17,0.786146819592
351,staphylococcus_aureus,clostridium_botulinum,17,0.782488107681
352,staphylococcus_aureus,yersinia_enterocolitica,17,0.779480993748
353,staphylococcus_aureus,bacillus,17,0.779115378857
354,staphylococcus_aureus,clostridium_spp,17,0.777889609337
355,staphylococcus_aureus,sulphite_reducing,17,0.773784279823
356,staphylococcus_aureus,salmonella_spp_campylobacter_spp,17,0.770455002785
357,staphylococcus_aureus,corynebacterium_spp,17,0.765446066856
358,staphylococcus_aureus,gram_negative_bacteria,17,0.757707893848
359,staphylococcus_aureus,escherichia_coli,17,0.757018685341
360,mycotoxin,fumonisin,18,0.723881959915
361,mycotoxin,toxin,18,0.717136740685
362,mycotoxin,trichothecenes,18,0.714812159538
363,mycotoxin,trichothecene,18,0.712974190712
364,mycotoxin,fusarium_mycotoxins,18,0.706544399261
365,mycotoxin,trichothecene_mycotoxins,18,0.694223403931
366,mycotoxin,zearalenone,18,0.689446270466
367,mycotoxin,aflatoxin_b1,18,0.684063315392
368,mycotoxin,fusarium_mycotoxin,18,0.680600345135
369,mycotoxin,fusarium_toxin,18,0.67182970047
370,mycotoxin,aflatoxin,18,0.668892204762
371,mycotoxin,mycotoxins,18,0.663003444672
372,mycotoxin,bound_fumonisins,18,0.660195946693
373,mycotoxin,patulin,18,0.658898830414
374,mycotoxin,fumonisins,18,0.658503890038
375,mycotoxin,ochratoxin,18,0.656882286072
376,mycotoxin,fusaproliferin,18,0.650666952133
377,mycotoxin,t2_ht2,18,0.648438572884
378,mycotoxin,aspergillus_versicolor,18,0.648237109184
379,mycotoxin,fusarium_graminearum,18,0.648113489151
380,glyphosate,ipa_salt,19,0.628159284592
381,glyphosate,trichlorfon,19,0.615702033043
382,glyphosate,propargyl4,19,0.60528165102
383,glyphosate,isopropylamine_salt,19,0.598007321358
384,glyphosate,clodinafop_propargyl_clodinafop,19,0.594526290894
385,glyphosate,clodinafop5,19,0.593173384666
386,glyphosate,poe_tallowamine,19,0.590488791466
387,glyphosate,spirotetramat_spirotetramat_enol,19,0.584972023964
388,glyphosate,merpan_83_wp,19,0.584160745144
389,glyphosate,insecticidal_activity,19,0.578565180302
390,glyphosate,transferase_gat_gene,19,0.573950767517
391,glyphosate,co_formulant,19,0.571346402168
392,glyphosate,4_dimethylnaphthalene,19,0.570589661598
393,glyphosate,metabolite_cga_302371,19,0.570138156414
394,glyphosate,ampa,19,0.569794774055
395,glyphosate,roundup_weathermax,19,0.56918656826
396,glyphosate,rapid_degradation,19,0.568634390831
397,glyphosate,cyhalothrin_isomers,19,0.568187713623
398,glyphosate,450g_l,19,0.566138386726
399,glyphosate,spirotetramat_spirotetramat,19,0.5613707304
400,food_supplements,nutritional_purposes,20,0.78375607729
401,food_supplements,magnesium_potassium_citrate,20,0.761334061623
402,food_supplements,zinc_mono_lmethionine_sulphate,20,0.737803220749
403,food_supplements,zinc_ascorbate,20,0.727279782295
404,food_supplements,particular_nutritional_uses_parnuts,20,0.726047873497
405,food_supplements,zinc_malate,20,0.713182866573
406,food_supplements,lmethionate,20,0.71086037159
407,food_supplements,calcium_malate_added,20,0.706110835075
408,food_supplements,particular_nutritional_purposes_parnuts,20,0.698973298073
409,food_supplements,zinc_malate_added,20,0.694441199303
410,food_supplements,parnuts,20,0.693855106831
411,food_supplements,malates,20,0.689372599125
412,food_supplements,ferrous_bisglycinate,20,0.685931682587
413,food_supplements,added,20,0.685623049736
414,food_supplements,orotic_acid,20,0.682640433311
415,food_supplements,silver_hydrosol,20,0.680851280689
416,food_supplements,magnesium_ascorbate,20,0.679293572903
417,food_supplements,calcium_malate,20,0.67799949646
418,food_supplements,fortified_foods,20,0.673171341419
419,food_supplements,magnesium_l_methionate,20,0.673005819321
420,steviol_glycosides,steviol_glycosides_e,21,0.738377332687
421,steviol_glycosides,using_mpls,21,0.697736740112
422,steviol_glycosides,maximum_permitted_levels,21,0.684659957886
423,steviol_glycosides,steviol_equivalents,21,0.678640365601
424,steviol_glycosides,sunset_yellow_fcf,21,0.674700021744
425,steviol_glycosides,β_apo_8_carotenal,21,0.67454969883
426,steviol_glycosides,polysorbates_e_432,21,0.672167003155
427,steviol_glycosides,brown_ht_e,21,0.667871057987
428,steviol_glycosides,restrictions_exceptions_listed,21,0.66776317358
429,steviol_glycosides,food_colours,21,0.661836802959
430,steviol_glycosides,e_150d,21,0.651815235615
431,steviol_glycosides,caramel_colours,21,0.650712192059
432,steviol_glycosides,additive_using_mpls,21,0.649606883526
433,steviol_glycosides,saucisse_de_strasbourg,21,0.647798538208
434,steviol_glycosides,riboflavins,21,0.639889240265
435,steviol_glycosides,mpl_scenario,21,0.638999819756
436,steviol_glycosides,proposed_extension,21,0.634305477142
437,steviol_glycosides,currently_permitted,21,0.632191479206
438,steviol_glycosides,may_contribute_substantially,21,0.631893455982
439,steviol_glycosides,section_seeks,21,0.629997849464
440,verisol,collagen_peptides,22,0.794711470604
441,verisol,femarelle,22,0.76486569643
442,verisol,collagen_hydrolysate,22,0.746480345726
443,verisol,uv_induced,22,0.727223992348
444,verisol,colief,22,0.712074875832
445,verisol,infant_crying_time,22,0.711670339108
446,verisol,putative_role,22,0.697635889053
447,verisol,extracellular_matrix,22,0.697532713413
448,verisol,chondrocyte,22,0.696524441242
449,verisol,verisol_p,22,0.693957924843
450,verisol,biochemical_markers,22,0.693741440773
451,verisol,lactoral,22,0.691514790058
452,verisol,cpii,22,0.688652873039
453,verisol,antihelicobacter,22,0.687592864037
454,verisol,very_low_calorie_diets,22,0.684569597244
455,verisol,olive_polyphenols,22,0.682683110237
456,verisol,renin_angiotensin_aldosterone,22,0.681227862835
457,verisol,joint_discomfort,22,0.680848836899
458,verisol,erectile_function,22,0.680283069611
459,verisol,wrinkles_volume,22,0.678312778473
460,listeria_monocytogenes,l_monocytogenes,23,0.857363641262
461,listeria_monocytogenes,campylobacter_norovirus_cryptosporidium,23,0.754865765572
462,listeria_monocytogenes,escherichia_coli_o157_h7,23,0.754518389702
463,listeria_monocytogenes,listeria,23,0.746596813202
464,listeria_monocytogenes,monocytogenes,23,0.746293067932
465,listeria_monocytogenes,campylobacter_spp,23,0.744679272175
466,listeria_monocytogenes,yersinia_enterocolitica,23,0.737585008144
467,listeria_monocytogenes,y_enterocolitica,23,0.736031115055
468,listeria_monocytogenes,escherichia_coli_o157,23,0.72712123394
469,listeria_monocytogenes,campylobacter,23,0.718921899796
470,listeria_monocytogenes,staphylococcus_aureus,23,0.71795964241
471,listeria_monocytogenes,eat_foods,23,0.715511798859
472,listeria_monocytogenes,esbl_producing_enterobacteriaceae,23,0.703854858875
473,listeria_monocytogenes,clostridium_perfringens,23,0.703695952892
474,listeria_monocytogenes,eat_rte_foods,23,0.700350642204
475,listeria_monocytogenes,listeria_innocua,23,0.692496418953
476,listeria_monocytogenes,salmonella_enterica,23,0.691435813904
477,listeria_monocytogenes,coliform_bacteria,23,0.689657449722
478,listeria_monocytogenes,smoked_salmon,23,0.688874959946
479,listeria_monocytogenes,aerobic_bacteria,23,0.68796646595
480,bpa,sc_injection,24,0.774630784988
481,bpa,adult_female_cd,24,0.758458375931
482,bpa,iv_injection,24,0.754312396049
483,bpa,adipogenesis,24,0.743914604187
484,bpa,diethylstilbestrol_des,24,0.740611255169
485,bpa,deuterated_bpa,24,0.72539460659
486,bpa,neonatally,24,0.724890172482
487,bpa,ammonium_perchlorate,24,0.72028362751
488,bpa,gd18,24,0.717699050903
489,bpa,d6_bpa,24,0.717411518097
490,bpa,endometriosis_like_phenotype,24,0.717277526855
491,bpa,nmu,24,0.715164124966
492,bpa,post_natal_during_lactation,24,0.714572668076
493,bpa,neurobehavioural_effects,24,0.712320148945
494,bpa,naïve_controls,24,0.710849761963
495,bpa,femur_length,24,0.710754334927
496,bpa,somm_et_al,24,0.709189891815
497,bpa,subcutaneous_sc,24,0.708445191383
498,bpa,bpaglucuronide,24,0.707458376884
499,bpa,mammary_epithelial,24,0.707047104836
500,environmental_risk_assessment,era,25,0.806014060974
501,environmental_risk_assessment,pmem,25,0.781303286552
502,environmental_risk_assessment,gm_plants,25,0.736610710621
503,environmental_risk_assessment,general_surveillance_gs,25,0.736386537552
504,environmental_risk_assessment,full_scale_commercialisation,25,0.733022689819
505,environmental_risk_assessment,gmps,25,0.718143522739
506,environmental_risk_assessment,efsa_2006b_2011c,25,0.702202677727
507,environmental_risk_assessment,efsa_2006a,25,0.698373913765
508,environmental_risk_assessment,mon863_x_nk603_maize,25,0.697743535042
509,environmental_risk_assessment,regionally_sensitive_areas,25,0.689717054367
510,environmental_risk_assessment,existing_esns,25,0.68873167038
511,environmental_risk_assessment,agronomic_phenotypic_characteristics,25,0.688548505306
512,environmental_risk_assessment,de_ca,25,0.688142895699
513,environmental_risk_assessment,then_csm,25,0.687060952187
514,environmental_risk_assessment,does_not_cover_cultivation,25,0.686965584755
515,environmental_risk_assessment,post_market_environmental,25,0.686775684357
516,environmental_risk_assessment,monitoring_pmem,25,0.685578882694
517,environmental_risk_assessment,esns_suitable,25,0.680709302425
518,environmental_risk_assessment,invalidate_its,25,0.680130720139
519,environmental_risk_assessment,phenotypic_characterisation,25,0.67804223299
520,mrsa,methicillin_resistant_staphylococcus_aureus,26,0.82185703516
521,mrsa,meticillin_resistant_staphylococcus_aureus,26,0.809759378433
522,mrsa,healthcare_associated,26,0.798560976982
523,mrsa,esbl,26,0.795966923237
524,mrsa,st49,26,0.79434221983
525,mrsa,cc398,26,0.787741363049
526,mrsa,escherichia_coli_isolates,26,0.784357905388
527,mrsa,carbapenem_resistant,26,0.783030152321
528,mrsa,monophasic_typhimurium,26,0.781386733055
529,mrsa,extendedspectrum_beta,26,0.781172156334
530,mrsa,meticillin,26,0.779715001583
531,mrsa,esbl_producing,26,0.776971876621
532,mrsa,lactamase_producing,26,0.774557828903
533,mrsa,esbl_ampc_genes,26,0.773574531078
534,mrsa,esbl_ampc_producers,26,0.771502375603
535,mrsa,la_mrsa,26,0.770773172379
536,mrsa,non_typhoidal_salmonella,26,0.768496751785
537,mrsa,isolates_recovered,26,0.768083810806
538,mrsa,ampc_producing,26,0.766721606255
539,mrsa,indicator_bacteria,26,0.766265273094
540,clones,plasmidmediated,27,0.736471235752
541,clones,clonal_spread,27,0.735388159752
542,clones,transferable_resistance,27,0.734865605831
543,clones,resistance_plasmids,27,0.728970766068
544,clones,multi_drug_resistant,27,0.720585823059
545,clones,enterobacterial,27,0.719637393951
546,clones,carbapenemase_producers,27,0.704690933228
547,clones,avirulent,27,0.703873097897
548,clones,epidemiologically_related,27,0.702881455421
549,clones,clonal_population,27,0.700565516949
550,clones,carbapenem_resistant,27,0.700559794903
551,clones,harbouring,27,0.69979339838
552,clones,clonal,27,0.698845982552
553,clones,co_selection,27,0.697691917419
554,clones,clonality,27,0.696264564991
555,clones,clonal_structure,27,0.69394248724
556,clones,resemble_those,27,0.693446397781
557,clones,multiple_antibiotic_resistance,27,0.693404197693
558,clones,genetic_exchange,27,0.692989230156
559,clones,community_acquired_infections,27,0.692206084728
560,monacolin_k,red_yeast_rice,28,0.845359921455
561,monacolin_k,sylvan_bio_ryr,28,0.836212158203
562,monacolin_k,sylvan_bio_red_yeast,28,0.796916365623
563,monacolin_k,pravastatin,28,0.747062623501
564,monacolin_k,sylvian_bio_ryr,28,0.743995130062
565,monacolin_k,ryr_preparations,28,0.742626309395
566,monacolin_k,caffeoylquinic_acids,28,0.738967359066
567,monacolin_k,policosanols,28,0.735512256622
568,monacolin_k,mkl,28,0.732909202576
569,monacolin_k,oxy_280,28,0.732761025429
570,monacolin_k,fermented_red_yeast,28,0.73256534338
571,monacolin_k,green_clay,28,0.727341711521
572,monacolin_k,sugar_cane_derived_policosanols,28,0.724247574806
573,monacolin_k,artichoke_leaf_dry,28,0.723937094212
574,monacolin_k,urell,28,0.715408623219
575,monacolin_k,alpha_cyclodextrin,28,0.713639736176
576,monacolin_k,blood_ldlcholesterol_concentrations,28,0.712491095066
577,monacolin_k,l_carnosine,28,0.708504676819
578,monacolin_k,bimuno_gos,28,0.706869602203
579,monacolin_k,alphacyclodextrin,28,0.705449461937
580,natamycin,dried_cured_sausages,29,0.687028646469
581,natamycin,semihard,29,0.636392295361
582,natamycin,dry_cured_sausages,29,0.623446464539
583,natamycin,semi_hard,29,0.622206449509
584,natamycin,pimaricin,29,0.620434880257
585,natamycin,polyglycitol_syrup,29,0.606622517109
586,natamycin,natamycin_pimaricin,29,0.603566884995
587,natamycin,grating,29,0.592031419277
588,natamycin,ferric_iron,29,0.586061537266
589,natamycin,mycosamine,29,0.579506278038
590,natamycin,sorbitol_maltitol,29,0.574283480644
591,natamycin,sorbitol_glucose,29,0.57395529747
592,natamycin,partially_digested,29,0.568791985512
593,natamycin,polyenes,29,0.551672577858
594,natamycin,candidiasis,29,0.550068497658
595,natamycin,ointment,29,0.548844993114
596,natamycin,candida_krusei,29,0.543346524239
597,natamycin,cheilitis,29,0.540973186493
598,natamycin,bolus_doses,29,0.537493467331
599,natamycin,yellow_orange,29,0.535081207752
600,flupyradifurone,flupyradifurone_dfa_expressed,30,0.863597273827
601,flupyradifurone,dfa_expressed,30,0.74973744154
602,flupyradifurone,isofetamid,30,0.740779161453
603,flupyradifurone,dfa,30,0.739658355713
604,flupyradifurone,benzovindiflupyr,30,0.732940077782
605,flupyradifurone,difluoroacetic_acid,30,0.728895783424
606,flupyradifurone,azabicyclosuccinamide,30,0.698548793793
607,flupyradifurone,flumetralin,30,0.695994973183
608,flupyradifurone,505m09,30,0.681447386742
609,flupyradifurone,desmethyl_isoproturon,30,0.681389629841
610,flupyradifurone,desmethyl_bixafen_m21,30,0.674451351166
611,flupyradifurone,m320i23,30,0.67008960247
612,flupyradifurone,byh_18636_mmt_glucoside,30,0.663181781769
613,flupyradifurone,cyhalothrin_isomers,30,0.662016153336
614,flupyradifurone,metabolites_m21,30,0.661483764648
615,flupyradifurone,dmpca,30,0.655338406563
616,flupyradifurone,cis_syn508211,30,0.648832380772
617,flupyradifurone,cyflumetofen,30,0.64783000946
618,flupyradifurone,metabolite_m21,30,0.647147536278
619,flupyradifurone,fluopyram,30,0.645447611809
620,chemicals,industrial_chemicals,31,0.709298253059
621,chemicals,noncarcinogens,31,0.697814822197
622,chemicals,shale_oil_products,31,0.681744933128
623,chemicals,carcinogens,31,0.676409363747
624,chemicals,chemical,31,0.665060043335
625,chemicals,mutagens,31,0.640281319618
626,chemicals,structure_activity_relationships_sars,31,0.632089078426
627,chemicals,pharmaceuticals,31,0.631376504898
628,chemicals,oestrogenic_properties,31,0.627645850182
629,chemicals,ivive_tk,31,0.626528143883
630,chemicals,directly_acting_industrial,31,0.61480653286
631,chemicals,environmental_pollutants,31,0.613468408585
632,chemicals,coded_carcinogenic_noncarcinogenic,31,0.612178504467
633,chemicals,silico_approaches,31,0.609639942646
634,chemicals,toxicologic,31,0.604411482811
635,chemicals,epoxideforming,31,0.604184627533
636,chemicals,international_collaborative_program,31,0.603776156902
637,chemicals,genotoxic_carcinogens,31,0.602167129517
638,chemicals,olfactorily,31,0.600049853325
639,chemicals,standard_rodent,31,0.599001646042
640,brominated_flame_retardants,pbdes,32,0.864285409451
641,brominated_flame_retardants,including_polybrominated_diphenylethers,32,0.830034554005
642,brominated_flame_retardants,hexabromocyclododecanes_hbcdds,32,0.812892615795
643,brominated_flame_retardants,dl_pcbs_non_dioxin,32,0.812329888344
644,brominated_flame_retardants,polybrominated_diphenylethers_pbdes,32,0.807705283165
645,brominated_flame_retardants,perfluorinated_compounds,32,0.805266737938
646,brominated_flame_retardants,polybrominated_diphenyl_ethers,32,0.791225016117
647,brominated_flame_retardants,biphenyls_ndl_pcbs,32,0.790257096291
648,brominated_flame_retardants,hexabromocyclododecane,32,0.789621710777
649,brominated_flame_retardants,flame_retardants,32,0.782981932163
650,brominated_flame_retardants,often_termed_dioxins_dioxin,32,0.775255203247
651,brominated_flame_retardants,decabromodiphenyl_ether,32,0.763993263245
652,brominated_flame_retardants,polychlorinated_biphenyls_pcbs,32,0.762362062931
653,brominated_flame_retardants,perfluorinated_compounds_pfcs,32,0.759991705418
654,brominated_flame_retardants,like_pcbs,32,0.753173589706
655,brominated_flame_retardants,perfluorooctanoic_acid_pfoa,32,0.752855181694
656,brominated_flame_retardants,pbde,32,0.747880101204
657,brominated_flame_retardants,octabromodiphenyl_ether,32,0.747386813164
658,brominated_flame_retardants,perfluorinated_compounds_pfcs_such,32,0.743249118328
659,brominated_flame_retardants,dibenzofurans,32,0.740875959396
660,pesticide,pesticides,33,0.761160254478
661,pesticide,ppp,33,0.657485485077
662,pesticide,control_service_dublin,33,0.645004153252
663,pesticide,active_substances,33,0.581746459007
664,pesticide,pesticidal_mode,33,0.58016037941
665,pesticide,insecticidal_mode,33,0.565976142883
666,pesticide,could_plausibly_act,33,0.558842003345
667,pesticide,phenomenological_effect,33,0.557294607162
668,pesticide,common_mechanism,33,0.555723905563
669,pesticide,lower_tiers,33,0.554449081421
670,pesticide,fumigation_fumigation,33,0.551698327065
671,pesticide,spatially_distributed_version,33,0.550234854221
672,pesticide,nta,33,0.550060749054
673,pesticide,attractive_adjacent_crops,33,0.546834826469
674,pesticide,do_not_allow_gowth,33,0.546293377876
675,pesticide,terrestrial_arthropod,33,0.545337438583
676,pesticide,toxic_mode,33,0.545100331306
677,pesticide,products_adjuvants_synergists,33,0.542827785015
678,pesticide,ppps,33,0.542197346687
679,pesticide,nttp,33,0.54204428196
680,mcpdmu,dcpu,34,0.714592158794
681,mcpdmu,dcpmu,34,0.70603954792
682,mcpdmu,metabolites_dcpmu,34,0.695183455944
683,mcpdmu,diuron_dcpmu,34,0.674492180347
684,mcpdmu,nectarines_peaches_southern_europe,34,0.649559497833
685,mcpdmu,vermivorous_mammal,34,0.63196015358
686,mcpdmu,m_cpdmu,34,0.631230771542
687,mcpdmu,carbofuran_carbofuran,34,0.628808259964
688,mcpdmu,desmethyl_pyrazole_carboxylic_acid,34,0.626776814461
689,mcpdmu,surfacewater,34,0.625855445862
690,mcpdmu,metabolite_ia,34,0.620676040649
691,mcpdmu,southern_europe_thpi,34,0.616679489613
692,mcpdmu,metabolite_m2,34,0.612117886543
693,mcpdmu,m670h05,34,0.61063182354
694,mcpdmu,metabolite_cga_72903,34,0.61005872488
695,mcpdmu,factoring,34,0.60984814167
696,mcpdmu,cga_249287,34,0.608803868294
697,mcpdmu,diisopropylamine,34,0.605703473091
698,mcpdmu,desmethoxymetobromuron,34,0.605053067207
699,mcpdmu,dichloro_etridiazole,34,0.603478550911
700,rosemary_extracts,magnesium_aspartate_complex,35,0.706142246723
701,rosemary_extracts,from_b_trispora,35,0.694294035435
702,rosemary_extracts,gelling_additives,35,0.693086266518
703,rosemary_extracts,grape_skin,35,0.687964975834
704,rosemary_extracts,gum_base,35,0.686249554157
705,rosemary_extracts,quinine,35,0.686163663864
706,rosemary_extracts,film_coating_agent,35,0.684188187122
707,rosemary_extracts,ascorbic_acids,35,0.674817681313
708,rosemary_extracts,synthetic_lycopene,35,0.67240858078
709,rosemary_extracts,glycyrrhizinic_acid,35,0.671856224537
710,rosemary_extracts,lycopene,35,0.666194200516
711,rosemary_extracts,antioxidant_rosemary,35,0.664693236351
712,rosemary_extracts,nfis,35,0.664434075356
713,rosemary_extracts,residual_formaldehyde,35,0.662937283516
714,rosemary_extracts,proposed_extension,35,0.661357104778
715,rosemary_extracts,tocopherol_tocotrienol_preparation,35,0.658109664917
716,rosemary_extracts,ascorbates,35,0.657287955284
717,rosemary_extracts,pharmaceutical_products,35,0.65430021286
718,rosemary_extracts,antioxidant,35,0.653695106506
719,rosemary_extracts,rosemary_e392_extension,35,0.651786625385
720,casomorphins,encrypted,36,0.805845141411
721,casomorphins,endogenous_opioid,36,0.795464515686
722,casomorphins,derived_peptides,36,0.775578856468
723,casomorphins,opioid_peptide_sequences,36,0.775461912155
724,casomorphins,opioid_peptides,36,0.773778557777
725,casomorphins,opioid_receptor_ligands,36,0.772425413132
726,casomorphins,enkephalins,36,0.771085500717
727,casomorphins,bcm9,36,0.769345164299
728,casomorphins,met_enkephalin,36,0.76554954052
729,casomorphins,peptic_digestion,36,0.761973977089
730,casomorphins,proteolytic_systems,36,0.760689973831
731,casomorphins,diabetogenicity,36,0.75930583477
732,casomorphins,different_extents,36,0.752522945404
733,casomorphins,gastrointestinal_digestion,36,0.751296341419
734,casomorphins,posttranslational_modifications,36,0.750939190388
735,casomorphins,opioid_receptors,36,0.749953508377
736,casomorphins,hemorphins,36,0.749806404114
737,casomorphins,opiate_receptors,36,0.747876763344
738,casomorphins,β_cn,36,0.74623477459
739,casomorphins,exorphins,36,0.743274092674
740,thiamine_mononitrate,thiamine_hydrochloride,37,0.823346853256
741,thiamine_mononitrate,premixtures_containing,37,0.780860602856
742,thiamine_mononitrate,ammonium_formate,37,0.75682258606
743,thiamine_mononitrate,choline_chloride,37,0.754660010338
744,thiamine_mononitrate,diluted_solutions,37,0.751188516617
745,thiamine_mononitrate,calcium_d_pantothenate,37,0.745454311371
746,thiamine_mononitrate,hmtba_ca,37,0.733134150505
747,thiamine_mononitrate,piglet_mash,37,0.721464395523
748,thiamine_mononitrate,solid_form,37,0.709308385849
749,thiamine_mononitrate,calcium_formate,37,0.702073931694
750,thiamine_mononitrate,l_threonine,37,0.700788855553
751,thiamine_mononitrate,fe_ta,37,0.70025408268
752,thiamine_mononitrate,premixture_containing,37,0.697934269905
753,thiamine_mononitrate,sodium_formate_formic_acid,37,0.696669995785
754,thiamine_mononitrate,premixtures_feedingstuffs,37,0.69627392292
755,thiamine_mononitrate,vitamin_mineral_premixture_containing,37,0.685706079006
756,thiamine_mononitrate,lclt,37,0.684805750847
757,thiamine_mononitrate,ammonium_propionate,37,0.682990372181
758,thiamine_mononitrate,feed_additive_premixtures_feedingstuffs,37,0.682470023632
759,thiamine_mononitrate,dl_met_na,37,0.680889487267
760,campylobacter,campylobacter_spp,38,0.824535489082
761,campylobacter,salmonella,38,0.823636472225
762,campylobacter,vtec,38,0.803010880947
763,campylobacter,listeria,38,0.789860367775
764,campylobacter,yersinia,38,0.78475689888
765,campylobacter,indicator_bacteria,38,0.757156550884
766,campylobacter,salmonella_enteritidis,38,0.746586859226
767,campylobacter,salmonella_spp,38,0.742824316025
768,campylobacter,commensal_enterococci,38,0.740326344967
769,campylobacter,ecdc_2014b,38,0.738715648651
770,campylobacter,salmonella_spp_campylobacter_spp,38,0.735430061817
771,campylobacter,esbl_ampc_producing,38,0.735410392284
772,campylobacter,thirteen_mss_reported,38,0.735308051109
773,campylobacter,fluoroquinolone_resistant,38,0.729601144791
774,campylobacter,mrsa,38,0.726937294006
775,campylobacter,figure_sa8,38,0.726888418198
776,campylobacter,l_monocytogenes,38,0.726801335812
777,campylobacter,broiler_meat,38,0.725391149521
778,campylobacter,figure_sa12,38,0.725063681602
779,campylobacter,salmonella_spp_stec,38,0.724333524704
780,toxicological_concern,toxicological_significance,39,0.67585337162
781,toxicological_concern,toxicologically_relevant,39,0.668047785759
782,toxicological_concern,toxicologically_significant,39,0.643014550209
783,toxicological_concern,less_toxic_than,39,0.633947730064
784,toxicological_concern,carcinogenic_properties,39,0.621124863625
785,toxicological_concern,contam_panel_considers_that,39,0.614665865898
786,toxicological_concern,noncarcinogenic,39,0.611985325813
787,toxicological_concern,previous_cargo_would,39,0.610301673412
788,toxicological_concern,toxicological_relevance,39,0.60972070694
789,toxicological_concern,toxicological_properties,39,0.604713320732
790,toxicological_concern,allergenicty,39,0.602386891842
791,toxicological_concern,dioxolanes,39,0.601795911789
792,toxicological_concern,toxicologically,39,0.601170420647
793,toxicological_concern,anticipated_impurities,39,0.599132657051
794,toxicological_concern,regarded_as_less_toxic,39,0.589262008667
795,toxicological_concern,ttc_threshold,39,0.587872385979
796,toxicological_concern,endocrine_mediated_mode,39,0.576391220093
797,toxicological_concern,harmful_effects,39,0.57563406229
798,toxicological_concern,more_toxic,39,0.575453400612
799,toxicological_concern,its_lipophilic_nature,39,0.567635893822
800,azorubine,new_coccine,40,0.766221821308
801,azorubine,tartrazine_sunset_yellow,40,0.740732431412
802,azorubine,brilliant_blue,40,0.73714697361
803,azorubine,ponceau_4r,40,0.729905843735
804,azorubine,sunset_yellow,40,0.714068114758
805,azorubine,allura_red,40,0.714037299156
806,azorubine,carmoisine,40,0.702310919762
807,azorubine,solid_foods_containing,40,0.695774137974
808,azorubine,14c_azorubine,40,0.69430565834
809,azorubine,psychotropic_drugs,40,0.694099187851
810,azorubine,yellow_fcf,40,0.693895697594
811,azorubine,quinoline_yellow,40,0.684756457806
812,azorubine,e151,40,0.683187782764
813,azorubine,tartrazine,40,0.676287829876
814,azorubine,brown_ht,40,0.66707444191
815,azorubine,sodium_iodide,40,0.664886236191
816,azorubine,ponceau,40,0.663811564445
817,azorubine,volatile_matter,40,0.661975860596
818,azorubine,produce_sulphonated_aromatic,40,0.660735368729
819,azorubine,tennant_2006,40,0.658340215683
820,ddac,bac,41,0.7109811306
821,ddac,tolfenpyrad,41,0.677465677261
822,ddac,bromide_ion_dithiocarbamates,41,0.625483334064
823,ddac,temporary_mrls,41,0.623300433159
824,ddac,benzalkonium_chloride_bac,41,0.616413712502
825,ddac,bac_rd,41,0.615499854088
826,ddac,aminocyclopyrachlor,41,0.614790141582
827,ddac,flutalonil,41,0.611872434616
828,ddac,spinosad,41,0.610276818275
829,ddac,chlorfenvinphos,41,0.607748985291
830,ddac,fluensulfone,41,0.606044650078
831,ddac,didecyldimethylammonium_chloride_ddac,41,0.603162288666
832,ddac,bitertanol,41,0.602124512196
833,ddac,currant_red_black,41,0.601843118668
834,ddac,proposed_temporary_mrls,41,0.596289336681
835,ddac,chlorantraniliprole_cyflufenamid,41,0.59556388855
836,ddac,fosthiazate,41,0.593849420547
837,ddac,codex_mrl_proposals,41,0.590124964714
838,ddac,peeled_bananas,41,0.586777687073
839,ddac,bromide_ion,41,0.586296796799
840,coffein,entsprechend,42,0.783187508583
841,coffein,jour_id,42,0.760092496872
842,coffein,partie,42,0.755171060562
843,coffein,4527,42,0.738546013832
844,coffein,kalium,42,0.73633646965
845,coffein,cuscuta,42,0.735185086727
846,coffein,gesamt,42,0.73262488842
847,coffein,cranberry_solids_per_day,42,0.73146045208
848,coffein,360_1080,42,0.729177057743
849,coffein,djr,42,0.72871029377
850,coffein,blüten,42,0.726165890694
851,coffein,frucht,42,0.723831474781
852,coffein,4688,42,0.720968067646
853,coffein,frauen,42,0.718860149384
854,coffein,verzehr_von,42,0.716379165649
855,coffein,bis_zu,42,0.715098679066
856,coffein,saft,42,0.714023947716
857,coffein,4254,42,0.709980726242
858,coffein,soku_z,42,0.707909822464
859,coffein,standardized_extract,42,0.704141616821
860,aesa,modelo,43,0.914841294289
861,aesa,objet,43,0.887322068214
862,aesa,les_données,43,0.885069191456
863,aesa,peuvent,43,0.872753679752
864,aesa,risque,43,0.871618330479
865,aesa,que_la,43,0.870911598206
866,aesa,la_peste,43,0.870321512222
867,aesa,non_conformités,43,0.869634866714
868,aesa,après,43,0.865606427193
869,aesa,également,43,0.864266395569
870,aesa,par_les,43,0.863243162632
871,aesa,disponibles,43,0.862472474575
872,aesa,selon,43,0.861614823341
873,aesa,au_cours_de_la,43,0.861095070839
874,aesa,rapports,43,0.86070472002
875,aesa,échantillons,43,0.859793305397
876,aesa,collecte,43,0.858882069588
877,aesa,de_leur,43,0.857447862625
878,aesa,effectués,43,0.856159210205
879,aesa,laboratoires,43,0.854747414589
880,tocopherol,αtocopherol,44,0.805365204811
881,tocopherol,γ_tocopherol,44,0.79290163517
882,tocopherol,tocopherols,44,0.785857260227
883,tocopherol,α_tocopherol,44,0.773604989052
884,tocopherol,alphatocopherol,44,0.770600676537
885,tocopherol,carotenoids,44,0.759749054909
886,tocopherol,alpha_tocopherol,44,0.755089044571
887,tocopherol,beta_carotene,44,0.754057765007
888,tocopherol,rrr,44,0.730961918831
889,tocopherol,tocotrienols,44,0.729457855225
890,tocopherol,delta_tocopherols,44,0.720135211945
891,tocopherol,rrr_alpha_tocopherol,44,0.719178915024
892,tocopherol,all_rac_alpha,44,0.718590259552
893,tocopherol,rrr_α_tocopherol,44,0.718370079994
894,tocopherol,vitamin_e,44,0.709199905396
895,tocopherol,γtocopherol,44,0.705611109734
896,tocopherol,valine,44,0.704954922199
897,tocopherol,retinol,44,0.704404711723
898,tocopherol,astaxanthin,44,0.703292012215
899,tocopherol,vitamin_b12,44,0.702703416348
900,zoonotic_disease,zoonosis,45,0.778538525105
901,zoonotic_disease,invariably_fatal,45,0.768852591515
902,zoonotic_disease,bacterium_coxiella_burnetii,45,0.758207380772
903,zoonotic_disease,relatively_rare_but,45,0.744939088821
904,zoonotic_disease,vaccine_preventable,45,0.738444268703
905,zoonotic_disease,m_bovis_causes,45,0.726009488106
906,zoonotic_disease,caused_by_thermotolerant_campylobacter,45,0.720769762993
907,zoonotic_disease,protozoan_parasite,45,0.720055401325
908,zoonotic_disease,zoonotic_pathogen,45,0.717770397663
909,zoonotic_disease,campylobacteriosis,45,0.717586100101
910,zoonotic_disease,salmonellosis,45,0.708368718624
911,zoonotic_disease,alveolar_echinococcosis,45,0.707700014114
912,zoonotic_disease,listeriosis,45,0.700048446655
913,zoonotic_disease,genus_trichinella,45,0.699267625809
914,zoonotic_disease,caused_by_parasitic_nematodes,45,0.698109388351
915,zoonotic_disease,human_echinococcosis,45,0.69524037838
916,zoonotic_disease,mycobacterium_tuberculosis,45,0.694975674152
917,zoonotic_disease,toxoplasmosis,45,0.693553090096
918,zoonotic_disease,echinococcosis,45,0.692403912544
919,zoonotic_disease,tularaemia,45,0.691926896572
920,tse,bse,46,0.905551552773
921,tse,scrapie,46,0.852398455143
922,tse,tses,46,0.850342154503
923,tse,bovine_spongiform_encephalopathy_bse,46,0.845254302025
924,tse,small_ruminants,46,0.813208162785
925,tse,atypical_scrapie,46,0.813073277473
926,tse,cattle,46,0.801375985146
927,tse,caprine_animals_culling_strategies,46,0.791846513748
928,tse,sheep,46,0.788168013096
929,tse,bse_infected,46,0.786365926266
930,tse,small_ruminant,46,0.777574419975
931,tse,atypical_bse,46,0.764654994011
932,tse,bovine_spongiform_encephalopathy,46,0.746928393841
933,tse,tse_infected,46,0.746513485909
934,tse,bse_cases,46,0.743031442165
935,tse,vcjd,46,0.738211274147
936,tse,atypical_cases,46,0.737550735474
937,tse,classical_scrapie,46,0.733555972576
938,tse,bovine,46,0.733294427395
939,tse,classical_bse,46,0.731143712997
940,pfos,pfoa,47,0.937228739262
941,pfos,phthalate_metabolites,47,0.727653622627
942,pfos,perfluorinated_compounds,47,0.725086212158
943,pfos,inorganic_mercury,47,0.711082756519
944,pfos,methylmercury,47,0.692417383194
945,pfos,homes_offices,47,0.688768625259
946,pfos,house_dust,47,0.688410937786
947,pfos,polybrominated_diphenyl_ether_pbde,47,0.684187054634
948,pfos,its_chlorinated_derivatives,47,0.684034109116
949,pfos,occupationally_exposed_workers,47,0.682833909988
950,pfos,cadmium,47,0.678455233574
951,pfos,nursing_infants,47,0.677234828472
952,pfos,non_hodgkin_lymphoma,47,0.671035051346
953,pfos,nonylphenol,47,0.670203089714
954,pfos,non_occupationally_exposed,47,0.667657971382
955,pfos,perfluorooctanoic_acid_pfoa,47,0.666824221611
956,pfos,contaminated_lake,47,0.66231918335
957,pfos,pfass,47,0.659276425838
958,pfos,polychlorinated_biphenyl_pcb,47,0.658578515053
959,pfos,midgestation,47,0.654746294022
960,cyantraniliprole,pyriofenone,48,0.717454493046
961,cyantraniliprole,chlorantraniliprole,48,0.691537857056
962,cyantraniliprole,chromafenozide,48,0.69041955471
963,cyantraniliprole,isopyrazam,48,0.686817765236
964,cyantraniliprole,acequinocyl,48,0.685453355312
965,cyantraniliprole,lambda_cyhalothrin,48,0.681095123291
966,cyantraniliprole,fluxapyroxad,48,0.673978567123
967,cyantraniliprole,esfenvalerate,48,0.664472043514
968,cyantraniliprole,diethofencarb,48,0.661370992661
969,cyantraniliprole,pymetrozine,48,0.658513367176
970,cyantraniliprole,tebufenozide,48,0.656515240669
971,cyantraniliprole,fluazifop_p,48,0.6462277174
972,cyantraniliprole,sulfoxaflor,48,0.646206617355
973,cyantraniliprole,epoxiconazole,48,0.644919037819
974,cyantraniliprole,fenoxycarb,48,0.644023001194
975,cyantraniliprole,proquinazid,48,0.643972039223
976,cyantraniliprole,sulcotrione,48,0.641419827938
977,cyantraniliprole,tebufenpyrad,48,0.633672356606
978,cyantraniliprole,aminopyralid,48,0.63364058733
979,cyantraniliprole,carbetamide,48,0.630793869495
980,gmo,genetically_modified_organisms,49,0.773560762405
981,gmo,gmo_panel,49,0.747291088104
982,gmo,gmo_2012c,49,0.740026950836
983,gmo,gmo_2011b,49,0.738771319389
984,gmo,efsa_2006a_2011a,49,0.733600258827
985,gmo,gmo_2011a,49,0.725182890892
986,gmo,bayer_cropscience1,49,0.722987413406
987,gmo,gmo_2011c,49,0.722380816936
988,gmo,gmo_2012d,49,0.714949667454
989,gmo,welfare_ahaw_2012c,49,0.704347848892
990,gmo,genetically_modified_plants,49,0.704140424728
991,gmo,cotton_mon_88913,49,0.702015459538
992,gmo,genetically_modified_plants1,49,0.701657414436
993,gmo,application_efsagmo,49,0.699309587479
994,gmo,gmo_de,49,0.698731541634
995,gmo,gm_plants,49,0.697710156441
996,gmo,2009_1108,49,0.696570515633
997,gmo,2003_from_monsanto1,49,0.692694485188
998,gmo,efsa_2006a,49,0.691742658615
999,gmo,pmem,49,0.689834296703
1000,mrl,mrls,50,0.769978523254
1001,mrl,codex_mrl,50,0.630447983742
1002,mrl,limits,50,0.619138300419
1003,mrl,clx,50,0.611470580101
1004,mrl,hr_x_pf,50,0.610306978226
1005,mrl,actual_lop,50,0.606973469257
1006,mrl,quantification_loq,50,0.604992747307
1007,mrl,maximum_residue,50,0.602049589157
1008,mrl,proposed_temporary,50,0.59858494997
1009,mrl,mrpl,50,0.597010016441
1010,mrl,code_w002a_code,50,0.596822559834
1011,mrl,marker_residue,50,0.594359099865
1012,mrl,set,50,0.593724250793
1013,mrl,detectable_residues_below,50,0.590161919594
1014,mrl,fresh_cultivated_mushrooms,50,0.56314188242
1015,mrl,provisional,50,0.560127496719
1016,mrl,limit,50,0.557972788811
1017,mrl,residue_limits_cxls,50,0.544037699699
1018,mrl,sufficiently_protective,50,0.538884997368
1019,mrl,withdrawal_period,50,0.536763370037
1020,ethoxyquin,santoquin,51,0.723004817963
1021,ethoxyquin,dosages,51,0.706391692162
1022,ethoxyquin,stannous_chloride,51,0.688045084476
1023,ethoxyquin,potassium_bromate,51,0.686559736729
1024,ethoxyquin,administered,51,0.686197519302
1025,ethoxyquin,gavage_twice_daily,51,0.6828571558
1026,ethoxyquin,crystalline_narasin,51,0.681162595749
1027,ethoxyquin,semi_purified,51,0.673890054226
1028,ethoxyquin,group_receiving,51,0.669612407684
1029,ethoxyquin,animals_receiving,51,0.668793618679
1030,ethoxyquin,ammonium_chloride,51,0.667410373688
1031,ethoxyquin,rats_receiving,51,0.667009651661
1032,ethoxyquin,cu_chlorophyllins,51,0.664999067783
1033,ethoxyquin,mycelial_narasin,51,0.663448274136
1034,ethoxyquin,same_diet_supplemented,51,0.662546873093
1035,ethoxyquin,basal_diet_supplemented,51,0.662017047405
1036,ethoxyquin,salinomycin_sodium_fermentation_product,51,0.661658883095
1037,ethoxyquin,female_han_wistar,51,0.66108071804
1038,ethoxyquin,groups_receiving,51,0.659102022648
1039,ethoxyquin,ehen,51,0.658823132515
1040,cadmium,nitrate,52,0.73838031292
1041,cadmium,aluminium,52,0.713408827782
1042,cadmium,aluminum,52,0.712899804115
1043,cadmium,lake_whitefish_coregonus_clupeaformis,52,0.709296226501
1044,cadmium,mercury,52,0.702187895775
1045,cadmium,methylmercury,52,0.700432419777
1046,cadmium,perchlorate,52,0.69779509306
1047,cadmium,boron,52,0.695170998573
1048,cadmium,lead_cadmium,52,0.692470192909
1049,cadmium,chromium_copper,52,0.6832254529
1050,cadmium,cadmium_lead,52,0.682113349438
1051,cadmium,kidney_dysfunction,52,0.680735468864
1052,cadmium,phthalate_metabolites,52,0.679157376289
1053,cadmium,pfos,52,0.678455114365
1054,cadmium,tobacco_smoke,52,0.678152322769
1055,cadmium,inorganic_tin,52,0.676806032658
1056,cadmium,neonatal_tsh,52,0.675635576248
1057,cadmium,renal_dysfunction,52,0.674456119537
1058,cadmium,aflatoxin,52,0.674361228943
1059,cadmium,metallothionein,52,0.673500359058
1060,pyrrolizidine_alkaloids,saponins,53,0.690791964531
1061,pyrrolizidine_alkaloids,cyanogenic_compounds,53,0.677035033703
1062,pyrrolizidine_alkaloids,tropane_alkaloids,53,0.676708579063
1063,pyrrolizidine_alkaloids,alternaria_toxins,53,0.657236456871
1064,pyrrolizidine_alkaloids,ricinus_communis,53,0.650653243065
1065,pyrrolizidine_alkaloids,silver_spring_md,53,0.643167734146
1066,pyrrolizidine_alkaloids,alternaria_mycotoxins,53,0.640165150166
1067,pyrrolizidine_alkaloids,ergot_alkaloids,53,0.637474417686
1068,pyrrolizidine_alkaloids,symphytum_officinale,53,0.634619951248
1069,pyrrolizidine_alkaloids,ricin,53,0.632068157196
1070,pyrrolizidine_alkaloids,glucosinolates,53,0.628229856491
1071,pyrrolizidine_alkaloids,botanical_impurities,53,0.625461220741
1072,pyrrolizidine_alkaloids,as_undesirable_substance,53,0.623262643814
1073,pyrrolizidine_alkaloids,psms,53,0.620069265366
1074,pyrrolizidine_alkaloids,alternariol_monomethyl_ether,53,0.619178175926
1075,pyrrolizidine_alkaloids,hexabromocyclododecanes_hbcdds,53,0.605834364891
1076,pyrrolizidine_alkaloids,micellar_electrokinetic_chromatography,53,0.605313062668
1077,pyrrolizidine_alkaloids,headspace_solid_phase_microextraction,53,0.601378679276
1078,pyrrolizidine_alkaloids,phenolic_antioxidants,53,0.600149929523
1079,pyrrolizidine_alkaloids,fungal_toxins,53,0.59997433424
1080,chlorate,μg_hg,54,0.723581671715
1081,chlorate,perchlorate,54,0.716315150261
1082,chlorate,pfoa,54,0.681193888187
1083,chlorate,dominating_contributor,54,0.664755642414
1084,chlorate,inorganic_mercury,54,0.66302895546
1085,chlorate,modified_niv,54,0.657800197601
1086,chlorate,pfos,54,0.652283668518
1087,chlorate,scenario_2c,54,0.650978088379
1088,chlorate,nitrofuran_marker_metabolites,54,0.649067401886
1089,chlorate,adult_age_groups,54,0.636348187923
1090,chlorate,across_age_groups,54,0.633876085281
1091,chlorate,across_dietary_surveys,54,0.623343110085
1092,chlorate,modified_zen,54,0.62317097187
1093,chlorate,times_more_potent,54,0.621655225754
1094,chlorate,nitrate,54,0.617707014084
1095,chlorate,its_modified_forms,54,0.61679905653
1096,chlorate,dust_ingestion,54,0.613744258881
1097,chlorate,cr_vi,54,0.613684237003
1098,chlorate,most_important_contributors,54,0.613680779934
1099,chlorate,elevated_methb,54,0.612409591675
1100,food_classification_system,foodex,55,0.797990560532
1101,food_classification_system,nomenclature,55,0.664887666702
1102,food_classification_system,foodex_classification_system,55,0.653305530548
1103,food_classification_system,food_consumption_database,55,0.578776359558
1104,food_classification_system,codify_all_foods,55,0.577148675919
1105,food_classification_system,faim_tool,55,0.562376976013
1106,food_classification_system,updated_eu_fors,55,0.552263140678
1107,food_classification_system,foodex_classification,55,0.552151799202
1108,food_classification_system,comprehensive_database_foodex_classification,55,0.544969677925
1109,food_classification_system,comprehensive_database,55,0.539029359818
1110,food_classification_system,foodex2,55,0.534072518349
1111,food_classification_system,consumption_database,55,0.53219628334
1112,food_classification_system,dcm_unit,55,0.529511928558
1113,food_classification_system,efg_system,55,0.526858866215
1114,food_classification_system,foodex_system,55,0.525349736214
1115,food_classification_system,categorisation_system,55,0.52489233017
1116,food_classification_system,datex_unit,55,0.521655321121
1117,food_classification_system,foodex_had_been,55,0.520896732807
1118,food_classification_system,hierarchical_system,55,0.51554787159
1119,food_classification_system,founding_regulation,55,0.510468423367
1120,ponceau_4r,tartrazine,56,0.854075908661
1121,ponceau_4r,allura_red_ac_amaranth,56,0.799396753311
1122,ponceau_4r,allura_red,56,0.78711950779
1123,ponceau_4r,new_coccine,56,0.781172454357
1124,ponceau_4r,sunset_yellow,56,0.771220624447
1125,ponceau_4r,tartrazine_sunset_yellow,56,0.769282162189
1126,ponceau_4r,yellow_fcf,56,0.767118752003
1127,ponceau_4r,amaranth_ponceau,56,0.754025518894
1128,ponceau_4r,gut_micronucleus_assay,56,0.749544143677
1129,ponceau_4r,amaranth,56,0.747932195663
1130,ponceau_4r,amaranth_sunset_yellow_fcf,56,0.747865438461
1131,ponceau_4r,azorubine_carmoisine,56,0.740905165672
1132,ponceau_4r,psychotropic_drugs,56,0.733069956303
1133,ponceau_4r,dyes_amaranth,56,0.732764184475
1134,ponceau_4r,azorubine,56,0.729905843735
1135,ponceau_4r,azo_dyes,56,0.725179195404
1136,ponceau_4r,intolerance_reactions,56,0.689246594906
1137,ponceau_4r,diploid_yeast,56,0.684930741787
1138,ponceau_4r,brown_ht,56,0.682350873947
1139,ponceau_4r,brown_fk,56,0.680961191654
1140,sodium_stearoyl_lactylate,lactylate_salts,57,0.743818640709
1141,sodium_stearoyl_lactylate,2lactylate,57,0.730785727501
1142,sodium_stearoyl_lactylate,lactylate_e,57,0.680533766747
1143,sodium_stearoyl_lactylate,sodium_stearoyl,57,0.676731467247
1144,sodium_stearoyl_lactylate,482_csl,57,0.675309598446
1145,sodium_stearoyl_lactylate,481_ssl,57,0.672912836075
1146,sodium_stearoyl_lactylate,calcium_stearoyl,57,0.666583299637
1147,sodium_stearoyl_lactylate,gc_ca_fnan,57,0.639625668526
1148,sodium_stearoyl_lactylate,lactylate,57,0.639377951622
1149,sodium_stearoyl_lactylate,boutte,57,0.636963665485
1150,sodium_stearoyl_lactylate,inactive_ingredient,57,0.62900865078
1151,sodium_stearoyl_lactylate,been_discovered,57,0.627111434937
1152,sodium_stearoyl_lactylate,stearoyl,57,0.620624542236
1153,sodium_stearoyl_lactylate,fde_fooddrinkeurope,57,0.61901307106
1154,sodium_stearoyl_lactylate,lactylates,57,0.617559432983
1155,sodium_stearoyl_lactylate,marzin_inge_meyland_alicja,57,0.61637032032
1156,sodium_stearoyl_lactylate,lactylates_e_481,57,0.614327192307
1157,sodium_stearoyl_lactylate,waalkensberendsen,57,0.614119768143
1158,sodium_stearoyl_lactylate,e_160a_ii,57,0.609381437302
1159,sodium_stearoyl_lactylate,blackcurrant_extract,57,0.607988417149
1160,vegetable_carbon,pah2_pah4,58,0.702688872814
1161,vegetable_carbon,maximum_permitted_levels,58,0.670147418976
1162,vegetable_carbon,mixed_carotenes,58,0.655907988548
1163,vegetable_carbon,caramel_colours,58,0.653442502022
1164,vegetable_carbon,panned,58,0.651137292385
1165,vegetable_carbon,two_coal_tar,58,0.645474433899
1166,vegetable_carbon,refined_intake_estimates,58,0.639144539833
1167,vegetable_carbon,foodgroup,58,0.62301671505
1168,vegetable_carbon,sucrose_esters,58,0.621751189232
1169,vegetable_carbon,carcinogenic_pahs,58,0.620503902435
1170,vegetable_carbon,class_ii_sulphite_caramel,58,0.620424449444
1171,vegetable_carbon,residual_carcinogenic_pahs,58,0.61882519722
1172,vegetable_carbon,steviol_equivalents,58,0.617385149002
1173,vegetable_carbon,saucisse_de_strasbourg,58,0.615340650082
1174,vegetable_carbon,microcrystalline_wax,58,0.608956456184
1175,vegetable_carbon,maximum_permitted_level,58,0.606427192688
1176,vegetable_carbon,mpls,58,0.606352746487
1177,vegetable_carbon,coal_tar,58,0.604133844376
1178,vegetable_carbon,class_i_plain_caramel,58,0.598584711552
1179,vegetable_carbon,more_than10_analytical,58,0.596574366093
1180,meat_inspection,domestic_sheep,59,0.70965719223
1181,meat_inspection,domestic_solipeds,59,0.667912125587
1182,meat_inspection,farmed_game,59,0.666864991188
1183,meat_inspection,epidemiological_indicators,59,0.655017256737
1184,meat_inspection,ante_mortem_inspection,59,0.654042005539
1185,meat_inspection,post_mortem_inspection_procedures,59,0.646535992622
1186,meat_inspection,cysticercus_taenia_saginata,59,0.642892599106
1187,meat_inspection,regulation_ec_854_2004,59,0.641727983952
1188,meat_inspection,current_meat_inspection,59,0.635644972324
1189,meat_inspection,meat_inspection_system,59,0.635633945465
1190,meat_inspection,high_priority_biological_hazards,59,0.62993824482
1191,meat_inspection,post_mortem_inspection,59,0.628373980522
1192,meat_inspection,schematic_diagram_illustrating,59,0.623210906982
1193,meat_inspection,post_mortem_inspections,59,0.621469914913
1194,meat_inspection,soliped,59,0.617053389549
1195,meat_inspection,postmortem_inspection,59,0.61661696434
1196,meat_inspection,integrated_system,59,0.615549325943
1197,meat_inspection,lambs,59,0.610120534897
1198,meat_inspection,bovine_animals_weighting_factor,59,0.608312249184
1199,meat_inspection,meat_inspection_procedures,59,0.608126282692
1200,tolerable_upper_intake,upper_tolerable_intake,60,0.774516165257
1201,tolerable_upper_intake,level_ul,60,0.764757990837
1202,tolerable_upper_intake,dpa_lcn,60,0.677329599857
1203,tolerable_upper_intake,ul,60,0.676048159599
1204,tolerable_upper_intake,levels_uls,60,0.657509088516
1205,tolerable_upper_intake,boron_sodium_borate,60,0.656315326691
1206,tolerable_upper_intake,pri,60,0.649442315102
1207,tolerable_upper_intake,tolerable_upper,60,0.637097299099
1208,tolerable_upper_intake,nicotinamide_niacin,60,0.63528162241
1209,tolerable_upper_intake,lcn3pufa,60,0.615234017372
1210,tolerable_upper_intake,scf_2003b,60,0.612763166428
1211,tolerable_upper_intake,magnesium,60,0.611776828766
1212,tolerable_upper_intake,scf_1993b,60,0.610972046852
1213,tolerable_upper_intake,preformed_vitamin,60,0.606069028378
1214,tolerable_upper_intake,intake_rni,60,0.604831814766
1215,tolerable_upper_intake,supplemental_intake,60,0.604505121708
1216,tolerable_upper_intake,pantothenic_acid,60,0.602773189545
1217,tolerable_upper_intake,lrni,60,0.598475575447
1218,tolerable_upper_intake,evm,60,0.594295144081
1219,tolerable_upper_intake,iom_2000b,60,0.589956402779
1220,semicarbazide,hypochlorite_treatment,61,0.690858483315
1221,semicarbazide,semicarbazide_sem,61,0.669657945633
1222,semicarbazide,marker_metabolite,61,0.64263099432
1223,semicarbazide,sem,61,0.63545268774
1224,semicarbazide,nitrofurazone,61,0.620552122593
1225,semicarbazide,alkylphenol,61,0.606916844845
1226,semicarbazide,tissue_bound,61,0.60219347477
1227,semicarbazide,blowing_agent,61,0.594710707664
1228,semicarbazide,heterocyclic_amines,61,0.590877950191
1229,semicarbazide,furaltadone,61,0.587021648884
1230,semicarbazide,contact_hypersensitivity,61,0.583346545696
1231,semicarbazide,azodicarbonamide,61,0.583047389984
1232,semicarbazide,epydidimal,61,0.576262116432
1233,semicarbazide,nitrofuran,61,0.573201179504
1234,semicarbazide,polyvinyl_chloride,61,0.572850704193
1235,semicarbazide,polycyclic_aromatic_hydrocarbons,61,0.57274377346
1236,semicarbazide,coadministration,61,0.572481393814
1237,semicarbazide,silver_nanoparticles,61,0.572419881821
1238,semicarbazide,dental_materials,61,0.572275161743
1239,semicarbazide,dental_sealants,61,0.57190901041
1240,bacillus_amyloliquefaciens,aspergillus_niger_aspergillus_niger,62,0.897056996822
1241,bacillus_amyloliquefaciens,amyloliquefaciens,62,0.894924402237
1242,bacillus_amyloliquefaciens,longibrachiatum,62,0.894325852394
1243,bacillus_amyloliquefaciens,or_subtilis_bacillus,62,0.886402487755
1244,bacillus_amyloliquefaciens,or_longibrachiatum_aspergillus,62,0.88620364666
1245,bacillus_amyloliquefaciens,rhizopus_oryzae,62,0.873860120773
1246,bacillus_amyloliquefaciens,aspergillus_niger_aspergillus_oryzae,62,0.872198820114
1247,bacillus_amyloliquefaciens,penicillium_funiculosum,62,0.860113739967
1248,bacillus_amyloliquefaciens,aspergillus_sojae,62,0.853721618652
1249,bacillus_amyloliquefaciens,trichoderma_reesei,62,0.852103054523
1250,bacillus_amyloliquefaciens,niger_aspergillus,62,0.851154625416
1251,bacillus_amyloliquefaciens,aspergillus_oryzae_aspergillus_oryzae,62,0.848791122437
1252,bacillus_amyloliquefaciens,streptomyces,62,0.845883071423
1253,bacillus_amyloliquefaciens,longibrachiatum_trichoderma_reesei,62,0.836569547653
1254,bacillus_amyloliquefaciens,aspergillus_oryzae,62,0.834823608398
1255,bacillus_amyloliquefaciens,rhizomucor_miehei,62,0.830365180969
1256,bacillus_amyloliquefaciens,leptographium,62,0.819578886032
1257,bacillus_amyloliquefaciens,aspergillus_niger,62,0.80722796917
1258,bacillus_amyloliquefaciens,niveus,62,0.794657230377
1259,bacillus_amyloliquefaciens,humicola,62,0.792299747467
1260,saxitoxin,pectenotoxin,63,0.917795360088
1261,saxitoxin,yessotoxin,63,0.894747555256
1262,saxitoxin,oa_okadaic_acid,63,0.861754417419
1263,saxitoxin,azaspiracid,63,0.851491689682
1264,saxitoxin,decarbamoyl,63,0.834131538868
1265,saxitoxin,dinophysis_toxin,63,0.827878832817
1266,saxitoxin,paralytic_shellfish_poison,63,0.826519489288
1267,saxitoxin,domoic_acid,63,0.82533955574
1268,saxitoxin,neosaxitoxin,63,0.82307612896
1269,saxitoxin,gonyautoxin,63,0.819584906101
1270,saxitoxin,ptx,63,0.815499186516
1271,saxitoxin,ptp,63,0.791594207287
1272,saxitoxin,hydrophilic_interaction_liquid_chromatography,63,0.786004900932
1273,saxitoxin,saxitoxins,63,0.78328949213
1274,saxitoxin,pp2a,63,0.775000452995
1275,saxitoxin,gonyautoxins,63,0.773479998112
1276,saxitoxin,45_hydroxyytx,63,0.772863149643
1277,saxitoxin,tetrodotoxin,63,0.771560907364
1278,saxitoxin,paralytic_shellfish_poisoning_toxins,63,0.769137859344
1279,saxitoxin,ytx,63,0.768548607826
1280,hexylresorcinol,polyoxyethylene_moiety,64,0.682036995888
1281,hexylresorcinol,metabolic_conversion,64,0.67909181118
1282,hexylresorcinol,radiolabeled,64,0.675652980804
1283,hexylresorcinol,cuchlorophyllins,64,0.672438979149
1284,hexylresorcinol,chloropropanol,64,0.670155763626
1285,hexylresorcinol,whole_body_autoradiography,64,0.66816163063
1286,hexylresorcinol,gavage_administration,64,0.658001244068
1287,hexylresorcinol,cu_chlorophyllin,64,0.656970143318
1288,hexylresorcinol,gsh_conjugates,64,0.656945645809
1289,hexylresorcinol,after_intravenous_injection,64,0.656712889671
1290,hexylresorcinol,dl_tartrate,64,0.653099894524
1291,hexylresorcinol,diisopropylnaphthalene,64,0.653037369251
1292,hexylresorcinol,roberts_renwick_2008,64,0.652731776237
1293,hexylresorcinol,npropylbenzene,64,0.651851058006
1294,hexylresorcinol,human_volunteer,64,0.651739954948
1295,hexylresorcinol,14c_dl_tartrate,64,0.650826215744
1296,hexylresorcinol,after_intravenous_administration,64,0.649833917618
1297,hexylresorcinol,dermally_applied,64,0.646909177303
1298,hexylresorcinol,dorange_et_al,64,0.644565045834
1299,hexylresorcinol,intravenous_dose,64,0.642384171486
1300,sunset_yellow,tartrazine,65,0.801715433598
1301,sunset_yellow,new_coccine,65,0.773120284081
1302,sunset_yellow,ponceau_4r,65,0.771220505238
1303,sunset_yellow,allura_red,65,0.76174134016
1304,sunset_yellow,patent_blue,65,0.751478433609
1305,sunset_yellow,dyes_amaranth,65,0.724266707897
1306,sunset_yellow,e151,65,0.723150849342
1307,sunset_yellow,azorubine,65,0.714068114758
1308,sunset_yellow,110_carmoisine_e,65,0.713562726974
1309,sunset_yellow,sunset_yellow_fcf,65,0.711915969849
1310,sunset_yellow,yellow_fcf,65,0.711201488972
1311,sunset_yellow,brown_fk,65,0.700477778912
1312,sunset_yellow,brilliant_black,65,0.674447417259
1313,sunset_yellow,amaranth_ponceau,65,0.673496961594
1314,sunset_yellow,amaranth_sunset_yellow_fcf,65,0.673468112946
1315,sunset_yellow,104_sunset_yellow_fcf,65,0.671880185604
1316,sunset_yellow,amaranth,65,0.670417606831
1317,sunset_yellow,allura_red_ac_amaranth,65,0.668766021729
1318,sunset_yellow,123_ponceau_4r_e,65,0.666148543358
1319,sunset_yellow,indigotine,65,0.661789536476
1320,cassia_gum,l_tryptophan,66,0.739081025124
1321,cassia_gum,gelling_agent,66,0.727399766445
1322,cassia_gum,potassium_sorbate,66,0.72084569931
1323,cassia_gum,ammonium_formate,66,0.718242764473
1324,cassia_gum,hmta,66,0.712363064289
1325,cassia_gum,sorbic_acid,66,0.702305555344
1326,cassia_gum,l_threonine,66,0.700574159622
1327,cassia_gum,calcium_formate,66,0.699947953224
1328,cassia_gum,citric_acid,66,0.697766602039
1329,cassia_gum,refined_cassia_gum,66,0.696638464928
1330,cassia_gum,suilectin,66,0.695700645447
1331,cassia_gum,only_purified_semi,66,0.694875717163
1332,cassia_gum,mg_anthraquinones,66,0.694761037827
1333,cassia_gum,premixture_containing,66,0.694063007832
1334,cassia_gum,technological_additive_functional_groups,66,0.685705423355
1335,cassia_gum,an_anticaking_agent,66,0.683826506138
1336,cassia_gum,calcium_stearate,66,0.682089388371
1337,cassia_gum,lignosulphonate,66,0.681574523449
1338,cassia_gum,sodium_formate,66,0.678200006485
1339,cassia_gum,granulated_form,66,0.678155839443
1340,monomethylsilanetriol,anionic_methacrylate_copolymer,67,0.64625620842
1341,monomethylsilanetriol,urinary_silicon_excretion,67,0.643595576286
1342,monomethylsilanetriol,methyl_methacrylate_mma,67,0.63136613369
1343,monomethylsilanetriol,neutral_methacrylate_copolymer,67,0.626303911209
1344,monomethylsilanetriol,monomethylsilanetriol_added,67,0.614311218262
1345,monomethylsilanetriol,orthohydroxybenzoate,67,0.608764886856
1346,monomethylsilanetriol,sodium_salicylate,67,0.605935573578
1347,monomethylsilanetriol,fully_polymerised_copolymer,67,0.5932046175
1348,monomethylsilanetriol,sédifa,67,0.590293884277
1349,monomethylsilanetriol,borax,67,0.581609785557
1350,monomethylsilanetriol,methyl_acrylate,67,0.580420911312
1351,monomethylsilanetriol,sustained_release,67,0.570002257824
1352,monomethylsilanetriol,residual_monomers,67,0.565238893032
1353,monomethylsilanetriol,pvdc,67,0.563568651676
1354,monomethylsilanetriol,vinyl_acetate,67,0.563228309155
1355,monomethylsilanetriol,polyethylene_glycol_monostearyl_ether,67,0.561531424522
1356,monomethylsilanetriol,titanium_dioxide,67,0.557794928551
1357,monomethylsilanetriol,emulsion_polymerisation,67,0.557428836823
1358,monomethylsilanetriol,maximum_permitted_quantity,67,0.555593967438
1359,monomethylsilanetriol,basic_methacrylate_copolymer,67,0.555087864399
1360,ractopamine,performance_carcass_characteristics,68,0.7084223032
1361,ractopamine,ractopamine_hydrochloride,68,0.63349711895
1362,ractopamine,carcass_traits,68,0.618580400944
1363,ractopamine,paylean,68,0.607492446899
1364,ractopamine,ivgtt,68,0.603373408318
1365,ractopamine,tissue_mineral,68,0.597014963627
1366,ractopamine,periparturient_dairy_cows,68,0.591799020767
1367,ractopamine,β_adrenergic,68,0.591189205647
1368,ractopamine,cr_nicotinate,68,0.59076321125
1369,ractopamine,hydroxyl_analogue,68,0.588259994984
1370,ractopamine,finishing_steers,68,0.581543207169
1371,ractopamine,supplemental_cr,68,0.581542730331
1372,ractopamine,inorganic_trivalent_chromium,68,0.577409625053
1373,ractopamine,feedlot_steers,68,0.569342374802
1374,ractopamine,cr_met_supplementation,68,0.556697845459
1375,ractopamine,iib_fibres,68,0.54615688324
1376,ractopamine,tougher,68,0.545682787895
1377,ractopamine,entire_male,68,0.541673660278
1378,ractopamine,carcass_characteristics,68,0.539201617241
1379,ractopamine,reproducing_sows,68,0.532296359539
1380,nanotechnologies,nanoscience,69,0.899000823498
1381,nanotechnologies,potential_risks_arising,69,0.867211461067
1382,nanotechnologies,nanotechnology,69,0.66181987524
1383,nanotechnologies,agriculture_organization_fao,69,0.656956970692
1384,nanotechnologies,no1829,69,0.643959879875
1385,nanotechnologies,feedap_gmo,69,0.637564539909
1386,nanotechnologies,replacement_reduction,69,0.63469183445
1387,nanotechnologies,europe_fosie,69,0.632493436337
1388,nanotechnologies,863_x_mon_810,69,0.632333874702
1389,nanotechnologies,excludes_cultivation_purposes,69,0.628572583199
1390,nanotechnologies,hfso,69,0.62451338768
1391,nanotechnologies,packaging_fip_unit,69,0.622098684311
1392,nanotechnologies,oilseed_rape_t45,69,0.617983222008
1393,nanotechnologies,directorates,69,0.616546392441
1394,nanotechnologies,veterinary_office_fvo,69,0.613245069981
1395,nanotechnologies,scenihr_scientific_committee,69,0.611160755157
1396,nanotechnologies,commission_working_document,69,0.607616364956
1397,nanotechnologies,thomas_frenzel,69,0.607244253159
1398,nanotechnologies,working_documents,69,0.604837596416
1399,nanotechnologies,glufosinate_tolerant_genetically_modified,69,0.601566493511
1400,acetamiprid,mepanipyrim,70,0.828173756599
1401,acetamiprid,cyfluthrin,70,0.826377153397
1402,acetamiprid,pyraclostrobin,70,0.806938052177
1403,acetamiprid,bupirimate,70,0.799871146679
1404,acetamiprid,pendimethalin,70,0.799671053886
1405,acetamiprid,tebufenpyrad,70,0.798018753529
1406,acetamiprid,clofentezine,70,0.792061805725
1407,acetamiprid,ethephon,70,0.790105938911
1408,acetamiprid,tebuconazole,70,0.789546251297
1409,acetamiprid,chlorothalonil,70,0.789141654968
1410,acetamiprid,chlorantraniliprole,70,0.788035452366
1411,acetamiprid,difenoconazole,70,0.786869525909
1412,acetamiprid,abamectin,70,0.77546197176
1413,acetamiprid,fluopicolide,70,0.772220134735
1414,acetamiprid,kresoxim_methyl,70,0.771080732346
1415,acetamiprid,boscalid,70,0.766251683235
1416,acetamiprid,indoxacarb,70,0.760209023952
1417,acetamiprid,tau_fluvalinate,70,0.759983122349
1418,acetamiprid,bifenthrin,70,0.758754253387
1419,acetamiprid,pyridaben,70,0.755550801754
1420,casomorphins,encrypted,71,0.805845141411
1421,casomorphins,endogenous_opioid,71,0.795464515686
1422,casomorphins,derived_peptides,71,0.775578856468
1423,casomorphins,opioid_peptide_sequences,71,0.775461912155
1424,casomorphins,opioid_peptides,71,0.773778557777
1425,casomorphins,opioid_receptor_ligands,71,0.772425413132
1426,casomorphins,enkephalins,71,0.771085500717
1427,casomorphins,bcm9,71,0.769345164299
1428,casomorphins,met_enkephalin,71,0.76554954052
1429,casomorphins,peptic_digestion,71,0.761973977089
1430,casomorphins,proteolytic_systems,71,0.760689973831
1431,casomorphins,diabetogenicity,71,0.75930583477
1432,casomorphins,different_extents,71,0.752522945404
1433,casomorphins,gastrointestinal_digestion,71,0.751296341419
1434,casomorphins,posttranslational_modifications,71,0.750939190388
1435,casomorphins,opioid_receptors,71,0.749953508377
1436,casomorphins,hemorphins,71,0.749806404114
1437,casomorphins,opiate_receptors,71,0.747876763344
1438,casomorphins,β_cn,71,0.74623477459
1439,casomorphins,exorphins,71,0.743274092674
1440,benzovindiflupyr,noa449410,72,0.821292996407
1441,benzovindiflupyr,syn546039,72,0.816425919533
1442,benzovindiflupyr,isofetamid,72,0.799266457558
1443,benzovindiflupyr,flumetralin,72,0.795405983925
1444,benzovindiflupyr,syn508272,72,0.756953775883
1445,benzovindiflupyr,mandestrobin,72,0.756401181221
1446,benzovindiflupyr,sedaxane,72,0.755366206169
1447,benzovindiflupyr,picolinafen,72,0.750451266766
1448,benzovindiflupyr,syn546206,72,0.74266064167
1449,benzovindiflupyr,beta_cypermethrin,72,0.733502209187
1450,benzovindiflupyr,flupyradifurone,72,0.732940137386
1451,benzovindiflupyr,ethametsulfuronmethyl,72,0.731512010098
1452,benzovindiflupyr,sulfoxaflor,72,0.730761766434
1453,benzovindiflupyr,cyflumetofen,72,0.723875045776
1454,benzovindiflupyr,cyhalothrin_isomers,72,0.720585346222
1455,benzovindiflupyr,betacypermethrin,72,0.71989774704
1456,benzovindiflupyr,topramezone,72,0.715582489967
1457,benzovindiflupyr,metabolite_x11719474,72,0.715256333351
1458,benzovindiflupyr,gamma_cyhalothrin,72,0.713401734829
1459,benzovindiflupyr,pymetrozine,72,0.711377620697
1460,thiamethoxam,clothianidin,73,0.869039595127
1461,thiamethoxam,imidacloprid,73,0.785048961639
1462,thiamethoxam,three_neonicotinoids_namely,73,0.681652545929
1463,thiamethoxam,fipronil,73,0.678124547005
1464,thiamethoxam,cga322704,73,0.677962183952
1465,thiamethoxam,three_neonicotinoids_thiamethoxam,73,0.653109073639
1466,thiamethoxam,metabolite_clothianidin_cga322704,73,0.647600889206
1467,thiamethoxam,thiamethoxam_clothianidin,73,0.646246433258
1468,thiamethoxam,dimethomorph,73,0.638886928558
1469,thiamethoxam,thiamethoxam_imidacloprid,73,0.63866341114
1470,thiamethoxam,containing_clothianidin_thiamethoxam,73,0.637945830822
1471,thiamethoxam,clothianidin_imidacloprid,73,0.63261950016
1472,thiamethoxam,phosmet,73,0.631675362587
1473,thiamethoxam,epoxiconazole,73,0.629319250584
1474,thiamethoxam,actara_25_wg,73,0.626747250557
1475,thiamethoxam,acetamiprid,73,0.617987036705
1476,thiamethoxam,seed_treatments,73,0.617075562477
1477,thiamethoxam,clothianidin_thiamethoxam,73,0.615171432495
1478,thiamethoxam,drenches_drip_irrigation,73,0.615067243576
1479,thiamethoxam,chlorothalonil,73,0.610967636108
1480,brilliant_blue,azorubine,74,0.73714697361
1481,brilliant_blue,quinoline_yellow,74,0.68513739109
1482,brilliant_blue,allura_red,74,0.680801212788
1483,brilliant_blue,french_industries,74,0.675080358982
1484,brilliant_blue,tennant_2006,74,0.67225587368
1485,brilliant_blue,ponceau_4r,74,0.671723365784
1486,brilliant_blue,brown_ht,74,0.671259880066
1487,brilliant_blue,new_coccine,74,0.658483207226
1488,brilliant_blue,bibra_1982b,74,0.653164207935
1489,brilliant_blue,tartrazine_sunset_yellow,74,0.653143286705
1490,brilliant_blue,sunset_yellow,74,0.652506709099
1491,brilliant_blue,sunset_yellow_tartrazine,74,0.643976092339
1492,brilliant_blue,indigo_carmine,74,0.640901207924
1493,brilliant_blue,elc_2009,74,0.638049781322
1494,brilliant_blue,sodium_iodide,74,0.636697530746
1495,brilliant_blue,cit_mit,74,0.636568725109
1496,brilliant_blue,quantum_satis_rules,74,0.631662130356
1497,brilliant_blue,e151,74,0.629372775555
1498,brilliant_blue,glycosides1,74,0.628271877766
1499,brilliant_blue,ciaa_2009_reported,74,0.624163091183
1500,probiotics,helicobacter_pylori_eradication,75,0.775025784969
1501,probiotics,synbiotics,75,0.749952316284
1502,probiotics,blood_pressure_lowering,75,0.735734581947
1503,probiotics,prebiotics,75,0.735213875771
1504,probiotics,propionibacteria,75,0.733492493629
1505,probiotics,low_digestible_carbohydrates,75,0.729784846306
1506,probiotics,randomized_doubleblind_placebo_controlled,75,0.725835204124
1507,probiotics,synbiotic,75,0.714839875698
1508,probiotics,nondigestible_oligosaccharides,75,0.714434027672
1509,probiotics,probiotic,75,0.706213772297
1510,probiotics,antibiotic_associated_diarrhea,75,0.700397968292
1511,probiotics,coronary_artery_disease,75,0.698010802269
1512,probiotics,saccharomyces_boulardii,75,0.693345069885
1513,probiotics,probiotic_bacteria,75,0.693067193031
1514,probiotics,protective_role,75,0.690239787102
1515,probiotics,hot_flashes,75,0.688824892044
1516,probiotics,boulardii,75,0.687917113304
1517,probiotics,lactobacillus_gg,75,0.687263011932
1518,probiotics,probiotic_strains,75,0.685808062553
1519,probiotics,probiotic_lactobacillus,75,0.684010028839
1520,insects,arthropods,76,0.782573282719
1521,insects,burrowing,76,0.733227372169
1522,insects,prey,76,0.726240754128
1523,insects,predators,76,0.717042565346
1524,insects,insect,76,0.71293258667
1525,insects,herbivores,76,0.69438970089
1526,insects,mites,76,0.691106677055
1527,insects,grasshoppers,76,0.69073843956
1528,insects,inhabiting,76,0.686632990837
1529,insects,flies,76,0.686092078686
1530,insects,phoretic_mites,76,0.685942053795
1531,insects,coleoptera,76,0.684377193451
1532,insects,amphibians_reptiles,76,0.678434193134
1533,insects,larvae,76,0.676634132862
1534,insects,pollinators,76,0.667188644409
1535,insects,invertebrates,76,0.666527032852
1536,insects,beetles,76,0.66604745388
1537,insects,hymenoptera,76,0.664994895458
1538,insects,corpse,76,0.66208088398
1539,insects,detritus,76,0.658165991306
